approach,hit_rate_k1,hit_rate_k3,hit_rate_k5,precision_k3,avg_pos_relevant
tfidf,0.0,100.0,100.0,66.66666666666666,3.0
semantic,100.0,100.0,100.0,66.66666666666666,1.0
llm,100.0,100.0,100.0,66.66666666666666,1.0
